feature	Lisbon	Barcelona	Berlin	Hong_Kong	Porto	Santiago	Singapore	Sofia	Taipei	Vienna	Bogota	Hanoi	Ilorin	Kuala_Lumpur	Oslo	Rio_de_Janeiro
23S rRNA methyltransferases,ERMB	1	1	1	1	1	1	1	1	1	1	0	0	0	0	0	0
23S rRNA methyltransferases,ERMF	0	1	0	1	0	0	1	0	1	0	0	0	0	0	0	0
Acetate resistance protein,ICLR	0	0	1	1	0	0	1	0	0	1	1	1	0	0	0	0
Acetate resistance protein,LPDT	0	0	0	1	0	1	1	0	1	1	1	1	1	1	0	0
Acid resistance protein,ASR	0	0	0	1	0	0	1	0	1	1	1	0	0	0	0	0
Acid resistance protein,EEFA	0	0	0	1	0	0	1	0	0	0	0	1	0	1	0	0
Acid resistance protein,EEFX	1	0	1	1	0	0	1	0	1	0	0	1	0	1	0	0
Acid resistance protein,GADA	0	0	0	1	0	0	1	0	1	0	1	1	0	1	0	0
Acid resistance protein,GADB	0	0	0	1	0	0	1	0	1	0	1	1	0	0	0	0
Acid resistance protein,GADC	1	0	0	1	0	0	1	0	1	0	1	1	0	0	0	0
Acid resistance protein,HDEA	0	0	0	1	0	0	1	0	1	0	1	0	1	1	1	0
Acid resistance protein,HDEB	0	0	0	1	0	0	0	0	0	0	1	1	0	0	0	1
Acid resistance protein,YDEP	0	0	0	1	0	0	1	0	1	0	1	1	0	1	0	0
Acid resistance regulator,EVGA	0	0	0	1	0	0	0	0	1	0	1	1	0	0	0	0
Acid resistance regulator,GADE	0	0	0	1	0	0	1	0	0	0	1	0	0	1	1	0
Aminocoumarin-resistant DNA topoisomerases,GYRBA	1	0	0	1	0	1	1	1	1	0	1	1	0	1	0	1
Aminocoumarin-resistant DNA topoisomerases,PARE	0	0	0	1	0	0	1	0	1	0	0	1	0	1	0	1
Aminoglycoside N-acetyltransferases,AAC3	0	0	0	0	1	0	0	0	0	0	0	1	0	0	0	0
Aminoglycoside N-acetyltransferases,AAC6-PRIME	0	0	0	0	0	0	0	0	1	1	0	0	0	0	0	0
Aminoglycoside O-nucleotidyltransferases,ANT3-DPRIME	1	1	0	1	1	1	1	1	1	1	0	1	1	0	1	0
Aminoglycoside O-nucleotidyltransferases,ANT6	1	0	1	1	1	1	1	1	1	1	1	1	1	1	1	0
Aminoglycoside O-phosphotransferases,APH3-DPRIME	1	1	0	1	0	0	1	1	1	0	0	1	1	1	0	0
Aminoglycoside O-phosphotransferases,APH6	1	1	0	0	1	1	1	1	0	0	0	1	0	1	0	0
Aminoglycoside efflux pumps,KDPE	0	0	0	1	0	0	1	0	1	1	1	1	1	1	0	0
Aminoglycoside-resistant 16S ribosomal subunit protein,A16S	1	1	1	1	1	1	1	1	1	1	1	1	1	1	1	1
Aminoglycoside-resistant 16S ribosomal subunit protein,RPSL	1	0	0	1	1	1	1	0	1	1	1	1	0	1	1	0
Aminoglycoside-resistant 16S ribosomal subunit protein,RRS	0	0	0	0	0	0	0	0	1	0	0	0	1	0	0	0
Aminoglycoside-resistant 16S ribosomal subunit protein,RRSA	1	1	0	0	1	0	0	0	1	0	0	0	1	0	0	1
Aminoglycoside-resistant 16S ribosomal subunit protein,RRSC	1	1	1	1	1	1	1	1	1	1	1	1	1	1	1	1
Aminoglycoside-resistant 16S ribosomal subunit protein,RRSH	1	1	1	1	1	1	1	1	1	1	1	1	1	1	1	1
Arsenic resistance protein,PSTA	1	0	1	1	1	1	1	0	1	0	1	1	0	1	0	1
Arsenic resistance protein,PSTB	1	1	1	1	1	0	1	1	1	0	1	1	0	1	0	1
Arsenic resistance protein,PSTC	1	0	0	1	1	1	1	0	1	1	1	1	0	1	0	0
Arsenic resistance protein,PSTS	0	0	0	1	1	0	1	0	1	0	1	1	0	0	0	0
Arsenic resistance regulator,ARSR	0	0	0	1	0	0	1	0	1	0	1	1	0	1	0	0
Biguanide cation efflux,CEPAB	0	0	0	1	0	0	1	0	1	0	0	1	0	1	0	0
Biocide and metal ABC efflux pumps,FETA	0	0	0	1	0	1	1	0	1	0	1	1	0	0	0	0
Biocide and metal ABC efflux pumps,FETB	0	0	0	1	0	0	1	0	0	0	1	1	0	0	0	0
Biocide and metal ABC efflux pumps,SITABCD	0	0	0	1	0	0	0	0	0	0	1	0	0	0	0	0
Biocide and metal resistance protein,DPR	1	0	0	0	1	0	0	0	0	1	0	0	0	0	0	0
Biocide and metal resistance protein,GLPF	0	0	0	1	0	0	1	0	0	0	1	1	0	0	0	0
Biocide and metal resistance protein,RUVB	0	0	0	0	1	1	1	1	1	0	0	1	0	0	0	0
Biocide and metal resistance protein,TEHA	0	0	0	1	0	0	1	0	0	1	1	1	0	1	0	0
Biocide and metal resistance protein,TEHB	0	0	1	1	1	0	1	0	0	0	1	1	0	1	0	1
Biocide and metal resistance protein,YCHH	1	0	0	1	0	0	0	0	0	0	1	0	0	0	0	0
Biocide and metal resistance protein,YGIW	0	0	1	1	0	0	1	0	1	1	0	1	1	0	0	0
Biocide and metal resistance protein,YHCN	0	0	0	0	0	0	0	0	1	0	1	0	0	0	0	0
Biocide and metal resistance protein,YIEF	0	0	0	1	0	0	1	0	1	0	1	1	0	0	0	0
Biocide and metal resistance protein,YJAA	0	0	0	1	0	0	0	0	0	0	1	0	0	0	0	0
Biocide and metal resistance protein,YODB	0	0	0	1	0	0	1	0	0	0	0	0	0	0	0	0
Biocide and metal resistance protein,ZUPT	0	0	0	0	0	0	1	0	1	0	1	0	0	1	0	0
Cationic peptide-resistant 16S ribosomal subunit protein,CAP16S	1	1	1	1	1	1	1	1	1	1	1	1	1	1	1	1
Chloramphenicol acetyltransferases,CAT	1	0	0	0	0	0	1	0	1	0	0	0	1	0	0	0
Chloramphenicol acetyltransferases,CATB	0	0	0	0	0	0	1	0	1	0	0	1	0	0	0	0
Chromium resistance protein,NFSA	0	0	0	1	0	0	1	0	0	0	1	1	0	1	0	0
Class A betalactamases,ACI	0	0	0	0	0	0	1	0	1	0	1	0	0	1	0	0
Class A betalactamases,BLAA	0	1	1	1	1	0	1	0	1	1	1	1	0	1	0	1
Class A betalactamases,BRO	1	0	0	1	0	0	0	0	0	0	0	0	0	0	0	0
Class A betalactamases,CARB	0	1	0	1	0	0	0	1	0	0	0	0	1	0	0	0
Class A betalactamases,CFX	0	0	0	0	0	1	0	0	1	0	1	0	1	0	0	0
Class A betalactamases,CTX	1	1	1	1	1	1	1	1	1	1	1	1	1	1	1	1
Class B betalactamases,AIM	0	0	1	1	0	0	0	0	0	0	0	0	0	1	0	0
Class C betalactamase regulator,AMPCR	1	0	0	1	0	0	0	0	1	0	0	1	0	1	0	0
Class C betalactamases,BLAEC	0	0	0	0	0	0	1	0	0	0	1	0	0	0	0	0
Class C betalactamases,MCA	1	1	1	1	1	1	0	1	1	1	0	1	0	0	1	0
Class D betalactamases,OXA	1	1	1	1	1	1	1	1	0	1	0	1	1	1	1	0
Colistin phosphoethanolamine transferase,ARNT	0	0	0	1	0	0	1	0	1	0	0	1	0	1	0	0
Colistin phosphoethanolamine transferase,EPTB	0	0	0	1	0	0	1	0	1	0	0	1	0	1	0	0
Colistin phosphoethanolamine transferase,ICR	1	0	0	1	1	0	0	1	1	1	0	1	0	1	0	1
Colistin phosphoethanolamine transferase,MCR	0	0	0	1	0	0	1	0	0	0	0	0	0	0	0	0
Colistin-resistant mutant,LPXC	0	0	0	0	0	0	0	0	0	1	0	1	0	0	0	0
Colistin-resistant mutant,PMRAR	0	0	0	1	0	0	1	0	1	1	1	1	0	1	0	0
Copper resistance protein,COPA	1	1	1	1	1	1	1	1	1	1	1	1	0	1	1	0
Copper resistance protein,COPB	0	0	0	0	0	1	1	0	0	0	0	0	0	0	0	0
Copper resistance protein,COPC	1	0	1	0	1	1	1	1	1	1	0	0	0	1	1	1
Copper resistance protein,COPD	0	0	1	0	1	1	1	0	0	0	0	0	0	0	0	0
Copper resistance protein,CUEO	0	0	0	1	0	0	1	0	1	0	1	1	0	1	0	1
Copper resistance protein,CUTA	1	0	0	1	0	0	1	1	1	0	1	0	0	0	0	0
Copper resistance protein,CUTC	0	0	0	1	0	1	1	0	0	0	0	1	0	0	0	0
Copper resistance protein,CUTE	0	0	0	1	0	0	1	0	1	0	1	1	1	1	0	0
Copper resistance protein,CUTF	0	0	0	1	0	0	1	0	1	0	1	1	0	0	0	1
Copper resistance protein,PCOA	1	0	1	1	1	0	1	0	1	0	0	1	0	1	0	1
Copper resistance protein,PCOB	0	1	0	1	1	0	1	0	1	1	0	0	0	1	0	1
Copper resistance protein,PCOC	0	0	1	1	1	0	1	0	0	0	0	1	0	0	0	0
Copper resistance protein,PCOD	1	0	1	1	0	0	1	0	1	0	1	1	0	1	0	0
Copper resistance protein,TCRA	1	1	0	1	1	0	1	1	0	1	0	0	0	0	1	0
Copper resistance protein,TCRB	1	0	0	0	0	0	0	0	0	1	0	0	0	0	1	0
Copper resistance protein,TCRY	1	1	0	0	1	0	1	0	0	1	0	0	0	0	1	0
Copper resistance protein,TCRZ	1	1	0	0	1	0	0	0	0	1	0	0	0	0	1	0
Copper resistance regulator,BHSA	0	0	0	0	1	0	0	0	1	0	1	1	1	1	0	0
Copper resistance regulator,COMR	0	0	0	1	0	0	1	0	1	0	1	1	0	1	0	0
Copper resistance regulator,COPR	1	0	1	1	1	1	1	1	0	1	0	0	1	1	0	0
Copper resistance regulator,COPS	1	0	1	0	1	1	1	1	0	1	0	1	0	1	1	0
Copper resistance regulator,CUER	0	0	0	1	0	0	1	0	0	1	1	1	1	1	0	0
Copper resistance regulator,PCOR	1	1	0	1	0	0	1	0	1	0	0	1	0	1	0	0
Copper resistance regulator,PCOS	1	0	0	1	1	0	1	0	1	0	1	1	0	1	1	0
Dihydrofolate reductase,DFRA	0	0	0	0	0	0	0	0	1	0	0	1	0	0	0	1
Drug and biocide ABC efflux pumps,YOGI	0	0	0	1	0	0	1	0	1	0	1	1	1	1	0	0
Drug and biocide ABC efflux regulator,PHOB	0	0	0	1	0	0	1	0	0	0	0	1	0	0	0	0
Drug and biocide MATE efflux pumps,MDTK	0	0	0	0	0	0	0	0	0	0	1	1	0	0	0	0
Drug and biocide MFS efflux pumps,BCR	0	0	0	0	0	0	1	0	1	0	1	1	0	0	0	0
Drug and biocide MFS efflux pumps,EMRA	0	0	0	1	0	0	1	0	1	0	1	0	0	0	0	0
Drug and biocide MFS efflux pumps,EMRB	0	0	0	1	0	0	1	0	1	0	1	0	0	0	0	0
Drug and biocide MFS efflux pumps,EMRD	1	0	0	1	0	0	1	0	1	0	1	0	0	0	0	0
Drug and biocide MFS efflux pumps,EMRK	0	0	0	1	0	0	0	0	0	0	1	1	0	0	0	0
Drug and biocide MFS efflux pumps,EMRY	0	0	0	1	0	0	0	0	1	0	1	1	0	0	0	0
Drug and biocide MFS efflux pumps,KDEA	0	0	0	1	0	0	1	0	1	0	0	1	0	1	0	0
Drug and biocide MFS efflux pumps,KMRA	0	0	0	1	0	0	1	0	0	0	0	1	0	1	0	0
Drug and biocide MFS efflux pumps,KPN	0	0	0	1	0	0	1	0	1	0	1	1	0	1	0	0
Drug and biocide MFS efflux pumps,MDFA	0	0	0	1	0	0	0	0	0	0	0	1	0	0	0	0
Drug and biocide MFS efflux pumps,MDTH	0	0	0	1	0	1	1	0	0	0	1	1	0	0	0	0
Drug and biocide MFS efflux pumps,MDTM	0	0	0	1	0	0	1	0	1	0	0	0	0	0	0	0
Drug and biocide MFS efflux regulator,EMRR	0	0	0	1	0	0	1	0	1	0	1	0	0	1	0	1
Drug and biocide MFS efflux regulator,EVGS	0	0	0	1	0	0	1	0	0	0	1	1	0	0	0	0
Drug and biocide RND efflux pumps,ACRA	0	0	0	1	0	0	1	0	1	0	1	1	0	1	0	0
Drug and biocide RND efflux pumps,ACRB	1	0	1	1	0	0	1	0	1	0	1	1	1	1	0	1
Drug and biocide RND efflux pumps,ACRE	0	0	0	1	1	0	1	0	1	0	1	1	0	1	0	0
Drug and biocide RND efflux pumps,ACRF	0	0	0	1	0	0	1	0	1	0	1	1	0	1	0	0
Drug and biocide RND efflux pumps,ADEJ	0	0	0	0	0	0	0	0	0	1	0	1	0	0	0	0
Drug and biocide RND efflux pumps,MDTE	0	0	1	1	0	0	1	0	1	1	1	1	0	1	0	0
Drug and biocide RND efflux pumps,MDTF	1	0	0	1	0	1	1	0	1	0	1	1	0	1	0	1
Drug and biocide RND efflux pumps,MDTN	0	0	0	1	1	0	1	1	1	0	1	1	0	1	0	1
Drug and biocide RND efflux pumps,MDTO	0	0	0	1	0	0	1	0	1	1	1	1	0	1	0	0
Drug and biocide RND efflux pumps,MDTP	1	0	0	1	0	0	1	0	1	1	1	1	1	1	0	1
Drug and biocide RND efflux pumps,MEXF	0	0	0	0	0	1	1	1	0	0	0	1	0	0	0	0
Drug and biocide RND efflux regulator,ACRR	1	0	1	1	0	0	1	0	1	0	1	1	1	0	0	1
Drug and biocide RND efflux regulator,ACRS	0	0	0	1	0	1	1	0	1	0	1	1	0	0	0	0
Drug and biocide RND efflux regulator,CPXAR	0	0	1	1	1	0	1	0	1	1	1	1	0	1	0	0
Drug and biocide RND efflux regulator,CRP	1	0	1	1	1	1	1	0	1	0	1	1	0	1	0	1
Drug and biocide RND efflux regulator,GADW	0	0	0	1	0	0	1	0	1	1	1	1	0	1	0	0
Drug and biocide RND efflux regulator,GADX	0	0	0	1	0	0	1	0	1	1	1	1	0	1	0	1
Drug and biocide RND efflux regulator,MARA	0	0	0	0	0	1	1	0	0	0	0	0	0	0	0	0
Drug and biocide RND efflux regulator,MARR	0	0	0	1	0	0	1	0	0	0	1	1	0	1	0	0
Drug and biocide SMR efflux pumps,KPNF	0	0	0	1	0	0	1	0	1	0	0	1	0	0	0	0
Drug and biocide SMR efflux pumps,KPNO	0	0	0	1	0	0	1	0	1	0	0	1	0	1	0	0
Drug and biocide SMR efflux pumps,MDTI	0	0	0	1	0	0	1	0	0	0	1	1	0	0	0	0
Drug and biocide SMR efflux pumps,MDTJ	0	0	0	0	0	0	1	0	1	1	1	0	0	0	0	0
Drug and biocide SMR efflux pumps,QACE	0	0	0	1	0	1	0	0	0	0	0	0	1	0	0	1
Drug and biocide SMR efflux pumps,QACEDELTA1	1	1	0	1	1	0	1	1	1	0	1	1	1	1	0	1
Drug and biocide SMR efflux pumps,QACF	0	1	1	1	0	0	1	1	1	1	0	0	0	1	1	0
Drug and biocide SMR efflux pumps,QACG	0	0	0	0	0	0	0	0	0	0	0	0	0	1	1	0
Drug and biocide SMR efflux pumps,QACH	1	1	1	0	0	0	0	1	0	1	0	0	0	1	0	0
Drug and biocide SMR efflux pumps,QACL	1	0	1	1	0	0	1	0	1	1	0	0	0	1	0	0
Drug and biocide SMR efflux regulator,PHOR	0	0	0	1	0	0	1	0	1	0	0	1	0	1	0	0
Drug and biocide and metal RND efflux pumps,ACRD	0	0	0	1	0	0	1	0	0	0	0	0	0	0	0	0
Drug and biocide and metal RND efflux pumps,MDTA	0	0	0	1	0	0	1	0	1	0	1	1	1	1	0	0
Drug and biocide and metal RND efflux pumps,MDTB	0	0	0	1	0	0	1	0	1	0	1	1	0	0	0	0
Drug and biocide and metal RND efflux pumps,MDTC	0	0	0	1	0	0	1	0	1	0	1	1	0	1	0	0
Drug and biocide and metal RND efflux pumps,ROBA	0	0	0	1	0	0	1	0	0	0	1	1	0	0	0	1
Drug and biocide and metal RND efflux regulator,BAER	0	0	0	1	1	0	1	0	0	0	1	1	1	1	0	0
Drug and biocide and metal RND efflux regulator,BAES	0	0	0	1	0	0	1	0	1	0	0	1	0	1	0	0
Drug and biocide and metal resistance regulator,SOXS	0	0	0	1	1	1	1	0	1	0	1	1	1	1	0	0
EF-Tu inhibition,TUFAB	1	1	1	1	1	1	1	1	1	1	1	1	0	1	1	1
Fluoroquinolone-resistant DNA topoisomerases,GYRA	0	0	0	1	0	0	1	0	1	0	1	1	0	1	0	0
Fluoroquinolone-resistant DNA topoisomerases,GYRB	0	0	0	1	0	0	1	0	1	0	0	1	0	1	0	0
Fluoroquinolone-resistant DNA topoisomerases,PARC	0	0	0	1	0	0	1	0	1	0	1	1	0	1	0	0
Fluoroquinolone-resistant DNA topoisomerases,PAREF	0	0	0	1	0	0	1	0	1	0	1	1	0	0	0	0
Fosfomycin target mutation,GLPT	1	0	0	1	0	0	1	0	1	0	1	1	0	1	0	0
Fosfomycin target mutation,MURA	1	0	0	1	1	1	1	0	1	0	1	1	0	1	0	0
Fosfomycin target mutation,PTSL	1	0	0	1	1	1	1	0	1	1	1	1	0	1	0	0
Fosfomycin target mutation,UHPT	1	0	0	1	0	0	1	0	1	1	1	1	1	1	0	1
Fosfomycin thiol transferases,FOSA	0	0	0	1	0	0	1	0	0	0	0	0	0	0	0	0
Lincosamide nucleotidyltransferases,LNUA	0	0	0	1	0	0	0	0	0	0	0	0	0	0	1	0
Lincosamide nucleotidyltransferases,LNUB	0	0	1	0	0	0	0	0	0	1	0	0	1	0	0	0
Lincosamide nucleotidyltransferases,LNUC	1	1	1	1	1	1	1	0	1	0	1	1	0	1	0	0
Lipid A modification,EPTA	0	0	1	1	0	1	1	0	1	0	1	1	0	0	0	1
Lipid A modification,PMRF	1	0	0	1	1	0	1	0	1	0	1	1	0	1	0	0
Lipid A modification,UGD	0	0	0	1	0	0	0	0	0	0	1	1	0	0	0	0
MDR mutant porin proteins,OMPK	0	0	0	0	0	0	1	0	1	0	1	0	0	0	0	0
MLS resistance ABC efflux pumps,LSA	1	1	1	0	1	0	0	1	1	1	1	1	1	0	0	0
MLS resistance ABC efflux pumps,MSRD	1	1	1	1	1	0	1	1	1	1	1	0	0	1	0	0
MLS resistance ABC efflux pumps,MSRE	1	1	1	1	1	1	1	1	1	1	1	1	1	1	1	1
MLS resistance MFS efflux pumps,MEFA	1	1	0	1	1	0	1	0	1	1	0	0	0	0	1	0
MLS resistance MFS efflux pumps,MEFB	1	0	0	0	0	0	1	0	1	0	1	0	1	0	0	0
MLS resistance MFS efflux pumps,MEFC	1	1	0	1	1	1	1	1	1	1	1	0	0	1	1	1
MLS resistance MFS efflux pumps,MEFE	0	0	0	1	0	0	0	0	0	0	0	0	0	0	1	0
MLS resistance MFS efflux pumps,MEFJ	1	1	0	0	0	0	0	1	0	1	0	0	0	0	1	0
Macrolide esterases,EREA	1	0	0	0	0	0	0	0	1	0	0	0	0	0	0	0
Macrolide esterases,ERED	1	1	0	1	0	0	1	1	1	1	0	1	0	1	1	0
Macrolide phosphotransferases,MPHA	1	0	0	1	0	0	0	0	1	0	0	1	0	0	0	0
Macrolide phosphotransferases,MPHB	1	0	0	1	1	1	1	0	1	0	1	1	0	0	0	0
Macrolide phosphotransferases,MPHE	1	1	1	1	1	1	1	1	1	1	0	1	1	1	1	1
Macrolide phosphotransferases,MPHG	1	1	1	1	1	1	1	1	1	1	1	0	1	1	1	1
Macrolide-resistant 23S rRNA mutation,MLS23S	1	1	1	1	1	1	1	1	1	1	1	1	1	1	1	1
Mercury resistance protein,MERA	1	1	1	1	1	1	1	1	1	1	1	1	1	1	1	1
Mercury resistance protein,MERC	1	0	0	1	0	1	0	0	0	0	1	0	1	0	1	0
Mercury resistance protein,MERE	1	1	1	1	1	1	1	1	1	1	0	1	1	1	1	1
Mercury resistance protein,MERF	1	1	1	1	1	1	1	1	1	1	0	1	0	1	1	1
Mercury resistance protein,MERP	1	1	1	1	1	1	1	1	1	1	1	1	1	1	1	0
Mercury resistance protein,MERT	1	1	1	1	1	1	1	1	0	1	1	1	1	1	1	1
Mercury resistance regulator,MERD	1	1	1	1	1	1	1	1	1	1	1	1	1	1	1	1
Mercury resistance regulator,MERR	1	1	1	1	1	1	1	1	1	1	0	1	1	1	1	1
Mercury resistance regulator,MERR1	0	0	1	0	0	0	1	0	1	0	0	0	0	0	0	0
Mercury resistance regulator,MERR2	0	0	0	1	0	0	1	1	0	0	0	0	0	0	1	0
Multi-biocide RND efflux pump,TOLC	0	0	0	1	0	0	1	0	0	0	1	0	0	1	0	0
Multi-biocide SMR efflux pump,SUGE	0	0	0	1	0	1	0	0	1	0	1	1	0	0	0	1
Multi-biocide resistance protein,YJCG	0	0	0	1	0	1	1	0	1	1	1	1	0	1	0	0
Multi-biocide resistance regulator,OXYRKP	0	0	0	1	0	0	1	0	1	0	0	1	0	1	0	0
Multi-biocide resistance regulator,RPOS	1	0	0	1	1	0	1	0	1	1	1	1	0	1	0	0
Multi-biocide resistance regulator,SOXRB	0	0	0	1	0	0	1	0	1	1	1	1	0	0	0	0
Multi-biocide resistance regulator,YDEO	0	0	0	1	0	0	1	0	1	0	1	1	0	1	0	0
Multi-drug ABC efflux pumps,LPTD	0	0	0	1	0	0	1	0	1	0	0	1	0	1	0	0
Multi-drug ABC efflux pumps,LSAE	1	1	1	0	0	0	0	0	1	1	1	0	1	0	0	0
Multi-drug ABC efflux pumps,MSBA	0	0	0	1	0	0	1	0	1	1	1	1	0	1	0	0
Multi-drug RND efflux pumps,HNS	0	0	0	1	1	0	1	0	1	1	1	1	0	0	0	0
Multi-drug RND efflux regulator,ASMA	0	0	1	1	0	0	1	0	1	0	1	1	0	1	0	0
Multi-drug RND efflux regulator,RAMR	0	0	0	1	0	0	1	0	0	0	0	0	0	1	0	0
Multi-metal ABC efflux pumps,MODA	0	0	0	1	0	0	1	0	1	0	1	1	1	1	0	0
Multi-metal ABC efflux pumps,MODB	0	0	0	0	0	0	1	0	0	0	1	0	0	0	0	0
Multi-metal ABC efflux pumps,MODC	0	0	0	1	0	1	1	0	1	0	1	1	0	1	0	0
Multi-metal RND efflux pumps,CUSA	0	0	0	1	0	0	1	0	1	0	1	1	0	1	0	0
Multi-metal RND efflux pumps,CUSB	0	0	0	1	0	1	1	0	1	0	1	1	0	1	0	0
Multi-metal RND efflux pumps,CUSC	0	0	0	0	0	0	0	0	0	0	1	1	0	0	0	0
Multi-metal RND efflux pumps,CUSF	0	0	0	1	0	1	1	0	1	0	1	1	0	1	0	0
Multi-metal RND efflux pumps,SILA	1	0	1	1	1	1	1	0	1	0	1	1	0	1	0	1
Multi-metal RND efflux pumps,SILB	1	1	1	1	1	0	1	1	1	0	1	1	0	1	0	1
Multi-metal RND efflux pumps,SILC	1	0	0	1	0	0	1	0	1	0	1	1	0	0	0	0
Multi-metal RND efflux pumps,SILE	0	1	1	1	1	0	1	0	0	0	1	1	0	0	0	0
Multi-metal RND efflux pumps,SILF	0	1	0	0	1	0	1	0	0	0	0	1	0	1	0	0
Multi-metal RND efflux pumps,SILP	1	0	1	1	1	1	1	0	1	0	1	1	0	1	0	1
Multi-metal RND efflux regulator,CUSR	0	0	0	1	0	1	1	0	1	0	1	1	0	1	0	0
Multi-metal RND efflux regulator,CUSS	0	0	0	1	0	0	1	0	1	0	1	1	0	1	0	0
Multi-metal RND efflux regulator,CZCC	1	0	1	1	1	1	1	1	1	1	0	0	0	1	1	0
Multi-metal RND efflux regulator,SILS	0	0	0	1	1	0	1	0	1	0	0	1	0	1	0	0
Multi-metal resistance protein,ARSA	1	1	0	1	1	0	1	0	1	0	1	1	0	1	0	0
Multi-metal resistance protein,ARSBM	1	1	0	1	0	0	1	0	0	0	0	1	0	0	0	1
Multi-metal resistance protein,ARSCM	1	0	0	1	1	0	1	0	0	0	0	0	0	1	0	0
Multi-metal resistance protein,ARSDM	1	0	0	1	0	0	1	0	0	0	0	0	0	1	0	0
Multi-metal resistance protein,ARSRM	0	1	0	1	1	0	1	0	1	0	0	0	0	1	1	0
Multi-metal resistance protein,CORA	0	0	0	1	0	0	1	0	0	0	1	1	0	1	0	0
Multi-metal resistance protein,CORD	0	0	0	0	0	0	1	0	1	0	0	0	0	0	0	0
Multi-metal resistance protein,DSBB	0	0	0	1	0	1	0	0	1	0	0	1	0	0	0	0
Multi-metal resistance protein,DSBC	0	0	0	1	0	0	0	0	0	0	1	1	0	0	0	0
Multi-metal resistance protein,FIEF	1	0	0	1	0	1	1	1	1	0	1	1	1	1	0	0
Multi-metal resistance protein,MNTH	0	0	0	1	1	1	1	0	1	0	1	1	0	0	0	1
Multi-metal resistance protein,MNTP	0	0	1	1	0	0	1	0	0	0	0	1	0	0	0	0
Multi-metal resistance protein,MNTR	0	0	1	1	0	0	0	0	1	0	1	1	1	1	0	0
Multi-metal resistance protein,PITA	1	0	0	1	1	1	1	0	1	1	1	1	0	1	0	1
Multi-metal resistance protein,RCNA	0	0	0	1	1	0	1	0	1	0	1	1	0	1	0	0
Multi-metal resistance protein,RCNB	0	0	0	0	0	0	0	0	1	0	1	1	0	1	0	1
Multi-metal resistance protein,YGJH	1	0	0	1	0	0	1	0	0	0	1	1	0	1	0	0
Multi-metal resistance protein,ZINT	0	0	0	0	1	0	0	0	1	0	0	1	0	0	0	0
Multi-metal resistance protein,ZNTA	0	0	0	1	1	0	1	0	1	0	1	1	0	1	0	0
Multi-metal resistance regulator,CADX	0	1	0	0	0	0	1	1	1	0	0	0	0	0	1	0
Multi-metal resistance regulator,MGTA	0	0	0	1	0	0	1	0	1	0	1	1	0	0	0	0
Multi-metal resistance regulator,PCOE	1	0	0	1	0	0	1	0	1	0	0	1	0	1	0	0
Multi-metal resistance regulator,RCNR	0	0	0	1	0	0	1	0	0	0	1	0	1	1	0	0
Mutant porin proteins,OMP37	0	0	0	1	0	0	1	0	1	0	0	1	0	1	0	0
Mutant porin proteins,OMPA	0	0	0	1	0	0	1	0	0	0	0	1	0	1	0	1
Mutant porin proteins,OMPFB	0	0	0	1	1	0	1	0	0	1	1	1	0	1	0	0
Nickel ABC efflux pumps,NIKA	0	0	0	1	0	1	1	0	1	1	1	1	0	1	0	0
Nickel ABC efflux pumps,NIKB	0	0	0	1	0	0	1	0	1	0	1	1	0	1	0	0
Nickel ABC efflux pumps,NIKC	0	0	0	1	0	1	1	0	1	0	1	1	0	1	0	0
Nickel ABC efflux pumps,NIKD	0	0	0	1	0	0	1	0	1	0	1	1	0	0	0	0
Nickel ABC efflux pumps,NIKE	1	0	0	1	0	0	1	0	0	0	0	1	0	1	0	0
Nickel ABC efflux regulator,NIKR	0	0	1	1	0	0	1	0	1	1	1	1	1	1	0	0
Oxazolidinone-resistant 23S rRNA mutation,O23S	1	0	1	0	1	0	0	0	0	1	0	0	0	0	0	0
Penicillin binding protein,AMPH	0	0	0	1	1	1	1	0	1	0	1	1	0	1	0	1
Penicillin binding protein,PBP2	0	0	0	1	0	0	1	0	1	0	1	1	1	1	0	1
Penicillin binding protein,PBP4B	0	0	0	1	0	0	1	0	0	0	1	1	0	1	0	0
Peroxide resistance stress protein,IBPA	1	0	1	1	0	1	1	0	1	1	1	1	0	0	0	0
Peroxide resistance stress protein,IBPB	0	0	1	1	0	1	1	1	1	0	1	1	0	1	0	0
Phenicol resistance MFS efflux pumps,FLOR	0	0	0	0	0	0	1	0	1	0	0	1	1	0	0	0
Phenolic resistance protein,FABI	0	0	1	1	0	0	1	0	1	1	0	1	0	0	0	0
Quinolone resistance protein Qnr,QNRS	1	0	0	1	0	0	1	0	0	0	0	0	0	1	0	1
Rifampin-resistant beta-subunit of RNA polymerase RpoB,RPOB	0	0	0	1	1	1	1	1	1	1	1	1	0	1	0	0
Sodium resistance protein,CHAA	0	0	0	1	0	0	0	0	1	0	1	1	0	1	0	0
Sodium resistance protein,NHAA	0	0	0	1	0	0	1	0	1	1	1	1	0	1	0	0
Sodium resistance protein,NHAB	0	0	0	1	0	0	1	0	0	0	1	1	0	0	0	0
Sulfonamide-resistant dihydropteroate synthases,FOLP	0	0	0	1	0	0	1	0	1	1	1	1	1	1	0	1
Sulfonamide-resistant dihydropteroate synthases,SULI	0	0	0	0	0	0	0	0	0	0	0	1	1	0	0	0
Sulfonamide-resistant dihydropteroate synthases,SULII	0	0	0	1	0	0	1	0	0	0	0	1	1	0	0	0
Tetracycline inactivation enzymes,TETX	0	0	0	1	0	0	0	1	1	0	0	0	0	0	0	0
Tetracycline resistance MFS efflux pumps,TET39	1	1	0	1	1	1	1	1	1	1	0	1	0	1	1	0
Tetracycline resistance MFS efflux pumps,TETA	0	0	0	0	0	0	0	0	0	0	0	1	1	0	0	0
Tetracycline resistance MFS efflux pumps,TETC	1	0	0	0	0	0	1	0	0	0	1	0	1	1	0	1
Tetracycline resistance MFS efflux pumps,TETG	0	0	0	0	0	0	1	0	0	0	0	1	1	0	0	0
Tetracycline resistance ribosomal protection proteins,TET32	0	0	0	0	0	0	1	0	1	0	1	0	1	1	0	1
Tetracycline resistance ribosomal protection proteins,TET36	0	0	0	0	0	0	0	0	1	0	0	0	1	0	0	0
Tetracycline resistance ribosomal protection proteins,TETQ	0	0	1	1	0	1	0	1	1	1	1	0	1	0	1	1
Tetracycline resistance ribosomal protection proteins,TETW	0	0	0	0	0	1	0	0	0	1	1	0	0	1	0	0
Tetracycline transcriptional repressor,TETR	1	1	1	1	1	1	1	1	1	1	1	1	1	1	1	0
Tetracycline-resistant 16S ribosomal subunit protein,TET16S	1	0	1	0	0	0	0	0	1	1	0	0	0	1	0	0
Triclosan-resistant mutation,FABG	1	0	0	1	0	0	1	0	1	1	1	1	0	0	0	1
Undecaprenyl pyrophosphate phosphatase,BACA	0	0	0	1	0	0	1	0	0	0	1	1	0	1	0	0
Zinc resistance protein,ZITB	0	0	0	1	0	0	1	0	1	0	1	1	0	1	0	0
Zinc resistance protein,ZNUA	0	0	0	1	0	0	1	0	0	1	0	0	0	0	0	0
Zinc resistance protein,ZNUB	1	0	0	1	0	0	1	0	1	0	0	1	0	1	0	0
Zinc resistance protein,ZNUC	1	0	0	1	0	0	1	0	1	0	1	1	0	1	0	0
Zinc resistance regulator,ZNTR	0	0	0	1	1	0	1	0	0	0	1	1	0	1	0	0
Zinc resistance regulator,ZRAR	0	0	0	1	0	0	1	0	1	0	1	1	0	1	0	0
Zinc resistance regulator,ZUR	0	0	0	1	0	0	1	1	0	0	0	1	0	1	0	0
peroxide resistance protein,SODA	0	0	0	1	0	0	1	0	1	0	1	1	0	1	0	1
peroxide resistance protein,SODB	1	0	0	1	1	1	1	1	1	0	1	1	1	1	0	1
peroxide resistance protein,YDEI	0	0	0	0	0	0	0	0	1	0	1	1	0	0	0	0
